keyword,priority,currentPage,impressions,clicks,averagePosition,previousImpressions,previousPosition,intent,recommendedAction,difficulty
seo for tradies adelaide,High,https://aiadelaide.com.au/seo-for-tradies-adelaide,53,0,2.04,32,4.97,Commercial / buying research,"Convert existing visibility; relevant proof, exact scope and audit CTA",Not measured
websites for electricians,High,https://aiadelaide.com.au/websites-for-electricians-adelaide,117,0,9.9,145,22.06,Commercial / buying research,Improve electrical buyer proof and scope; link from homepage,Not measured
website for electricians,High,https://aiadelaide.com.au/websites-for-electricians-adelaide,70,0,14.97,92,27.64,Commercial / buying research,Same electrical page; avoid a second URL for singular variation,Not measured
cheap website design adelaide,High,https://aiadelaide.com.au/blog/cheap-website-design-adelaide,70,0,12.04,69,10.59,Commercial / buying research,Keep the existing guide and strengthen its package CTA,Not measured
local seo adelaide,High,https://aiadelaide.com.au/local-seo-adelaide,287,0,17.72,558,24.15,Commercial / buying research,Strengthen the existing local SEO landing page,Not measured
adelaide local seo,High,https://aiadelaide.com.au/local-seo-adelaide,157,0,13.27,307,23.63,Commercial / buying research,Same local SEO page; keep broad SEO page distinct,Not measured
website designer marion,High,https://aiadelaide.com.au/marion,51,0,10.92,134,8.22,Commercial / buying research,Use actual local proof and a scoped website quote path,Not measured
web design marion,High,https://aiadelaide.com.au/marion,29,0,10.45,39,11.1,Commercial / buying research,Same Marion page,Not measured
web design reynella,High,https://aiadelaide.com.au/reynella,51,0,7.55,138,8.21,Commercial / buying research,Improve click appeal and enquiry clarity on existing page,Not measured
website designer morphett vale,High,https://aiadelaide.com.au/morphett-vale,43,0,8.84,133,13.55,Commercial / buying research,Add relevant local proof; retain URL and intent,Not measured
website designer seaford,High,https://aiadelaide.com.au/seaford,44,0,12.11,120,13.24,Commercial / buying research,Support existing page with contextual links and proof,Not measured
web design seaford,High,https://aiadelaide.com.au/seaford,33,0,12.85,21,13.57,Commercial / buying research,Same Seaford page,Not measured
website designer moana,Medium,https://aiadelaide.com.au/moana,20,0,5.35,86,6.1,Commercial / buying research,Small sample; improve existing page before expansion,Not measured
website designer reynella,Medium,https://aiadelaide.com.au/reynella,48,0,17.27,125,19.45,Commercial / buying research,Same Reynella page,Not measured
website design adelaide prices,Medium,https://aiadelaide.com.au/website-cost-adelaide,48,0,25.06,83,29.46,Commercial / buying research,Cost guide explains scope; pricing page fulfils the purchase decision,Not measured
web design pricing adelaide,Medium,https://aiadelaide.com.au/website-cost-adelaide,27,0,32.04,61,41.9,Commercial / buying research,Keep cost guide and actual pricing connected,Not measured
affordable website design adelaide,Medium,https://aiadelaide.com.au/blog/cheap-website-design-adelaide,7,0,15.14,2,15.5,Commercial / buying research,Support the existing cheap website guide; no new duplicate,Not measured
website for cafe,Medium,https://aiadelaide.com.au/websites-for-cafes-adelaide,21,0,19.38,25,27.56,Commercial / buying research,Relevant cafe website page and real booking/menu example,Not measured
websites for plumbers,Medium,https://aiadelaide.com.au/websites-for-plumbers-adelaide,24,0,21.04,62,21.56,Commercial / buying research,Existing plumber page; proof before new pages,Not measured
website for plumbers,Medium,https://aiadelaide.com.au/websites-for-plumbers-adelaide,31,0,33.35,63,42.32,Commercial / buying research,Same plumber page,Not measured
ai automation adelaide,Medium,https://aiadelaide.com.au/,42,0,3.62,39,1.28,Commercial / buying research,Homepage currently leads; support the automation service link without title churn,Not measured
ai seo adelaide,Medium,https://aiadelaide.com.au/,80,0,3.7,77,4.57,Commercial / buying research,"Homepage leads; define practical local SEO deliverables, no AI-citation guarantees",Not measured
seo for small business adelaide,Later,https://aiadelaide.com.au/seo,24,0,51.92,36,54.39,Commercial / buying research,Existing /seo page; farther from visible results,Not measured
seo packages adelaide,Later,https://aiadelaide.com.au/seo,57,0,69.98,90,87.64,Commercial / buying research,Existing /seo plus pricing; longer-term target,Not measured
websites for electricians adelaide,Medium,https://aiadelaide.com.au/websites-for-electricians-adelaide,3,0,13.67,6,10.33,Commercial / buying research,Very small sample; same electrical landing page,Not measured
